"Verkiezing","NIS","Lijstnummer","lijst","VolledigLijstStemmen","OnvolledigLijstStemmen"
"Aalst","41002",1,"Open Vld",1059,8557
"Aalst","41002",2,"N-VA",4933,12379
"Aalst","41002",3,"VLAAMS BELANG",2143,3860
"Aalst","41002",4,"sp.a",1148,7966
"Aalst","41002",6,"Groen",1078,2190
"Aalst","41002",7,"CD&V",1052,8566
"Aalst","41002",8,"PVDA+",214,447
"Aalter","44001",1,"Open Vld",304,980
"Aalter","44001",3,"VLAAMS BELANG",284,490
"Aalter","44001",6,"Groen",714,2180
"Aalter","44001",7,"CD&V / N-VA",868,8154
"Aarschot","24001",1,"Open Vld",434,2575
"Aarschot","24001",2,"N-VA",1882,2008
"Aarschot","24001",3,"VLAAMS BELANG",716,562
"Aarschot","24001",4,"sp.a",562,2442
"Aarschot","24001",5,"LIJST DEDECKER",74,375
"Aarschot","24001",6,"Groen",675,838
"Aarschot","24001",7,"CD&V",767,5770
"Aarschot","24001",8,"PVD",93,657
"Aarschot","24001",9,"Gemeentebelangen",82,110
"Aartselaar","11001",1,"Open Vld",528,2189
"Aartselaar","11001",2,"N-VA",1150,2538
"Aartselaar","11001",3,"VLAAMS BELANG",256,382
"Aartselaar","11001",4,"sp.a-Groen",343,701
"Aartselaar","11001",7,"CD&V",209,656
"Aartselaar","11001",8,"NAP",130,1047
"Affligem","23105",1,"Open Vld-CTL",154,2119
"Affligem","23105",2,"N-VA",487,1317
"Affligem","23105",3,"VLAAMS BELANG",126,227
"Affligem","23105",8,"LIJST BURGEMEESTER",322,3077
"Affligem","23105",9,"Affligem.NU",110,1086
"Affligem","23105",10,"VOLKS",8,52
"Alken","73001",1,"Open Vld",162,1701
"Alken","73001",2,"N-VA",548,1421
"Alken","73001",4,"sp.a",148,735
"Alken","73001",6,"Groen",261,642
"Alken","73001",7,"CD&V",245,1859
"Alken","73001",8,"echt voor Alken",72,298
"Alken","73001",9,"Om-Mekaar",39,67
"Alveringem","38002",2,"N-VA",79,322
"Alveringem","38002",7,"CD&V",37,735
"Alveringem","38002",8,"GEMEENTEBELANGEN",127,1153
"Alveringem","38002",9,"PRO",69,983
"Antwerpen","11002",1,"Open Vld",3648,11450
"Antwerpen","11002",2,"N-VA",18694,84101
"Antwerpen","11002",3,"VLAAMS BELANG",6333,21491
"Antwerpen","11002",4,"sp.a-CD&V STADSLST",11783,66084
"Antwerpen","11002",6,"Groen",5545,16113
"Antwerpen","11002",8,"PVDA+",3992,17728
"Antwerpen","11002",9,"Piratenpartij",462,995
"Antwerpen","11002",10,"ROOD!",802,1954
"Antwerpen","11002",12,"HART",135,332
"Antwerpen","11002",14,"VRIJ VLUG VOORUIT",78,257
"Antwerpen","11002",16,"Mathieu&Guillaume",148,310
"Anzegem","34002",2,"N-VA",467,602
"Anzegem","34002",3,"VLAAMS BELANG",175,76
"Anzegem","34002",7,"CD&V-GROEN-OK",285,2221
"Anzegem","34002",8,"Samenéén",157,1848
"Anzegem","34002",9,"EENDRACHT",286,3823
"Anzegem","34002",10,"VISIE 2020",142,504
"Ardooie","37020",2,"N-VA",334,441
"Ardooie","37020",8,"GROEP 82",502,3621
"Ardooie","37020",9,"SAMENPLUS",203,1409
"Arendonk","13001",2,"N-VA",616,1927
"Arendonk","13001",3,"VLAAMS BELANG",168,498
"Arendonk","13001",4,"sp.a",250,1075
"Arendonk","13001",7,"CD&V",353,1976
"Arendonk","13001",8,"Arendonk Positief",218,1070
"As","71002",2,"N-VA",268,720
"As","71002",4,"sp.a",102,636
"As","71002",7,"CD&V",91,970
"As","71002",8,"Voluit!",386,2302
"Asse","23002",1,"Open Vld",606,2773
"Asse","23002",2,"N-VA",1389,3784
"Asse","23002",3,"VLAAMS BELANG",365,588
"Asse","23002",4,"sp.a",331,1028
"Asse","23002",6,"Groen",473,779
"Asse","23002",7,"CD&V",517,4796
"Asse","23002",8,"ZELLIK-RELEGEM",594,1604
"Assenede","43002",2,"N-VA",573,1039
"Assenede","43002",3,"VLAAMS BELANG",322,225
"Assenede","43002",7,"CD&V",319,2461
"Assenede","43002",8,"SamenPlus",636,3905
"Assenede","43002",9,"SA Sterk Assenede",41,97
"Assenede","43002",10,"P.A.K PIM",80,99
"Assenede","43002",11,"LeF",60,49
"Avelgem","34003",2,"N-VA",469,424
"Avelgem","34003",4,"sp.a",323,1244
"Avelgem","34003",7,"CD&V",280,2684
"Avelgem","34003",8,"GEMEENTEBELANGEN",229,1127
"Baarle-Hertog","13002",2,"N-VA",29,410
"Baarle-Hertog","13002",8,"CDK",36,562
"Baarle-Hertog","13002",9,"FORUM+",25,260
"Balen","13003",1,"Open Vld",211,1482
"Balen","13003",2,"N-VA",1392,2549
"Balen","13003",4,"sp.a",463,2254
"Balen","13003",7,"CD&V",573,4588
"Balen","13003",8,"Beter BALEN",301,931
"Beernem","31003",2,"N-VA",942,1870
"Beernem","31003",6,"Groen",402,682
"Beernem","31003",7,"CD&V",364,3442
"Beernem","31003",8,"BRON",326,2834
"Beerse","13004",2,"N-VA",1251,2618
"Beerse","13004",6,"Groen",267,753
"Beerse","13004",8,"CDE-Vlim.be",454,3021
"Beerse","13004",9,"BEERSEplus",412,1788
"Beerse","13004",10,"Gemeentebelangen",144,685
"Beersel","23003",1,"Open Vld",553,535
"Beersel","23003",2,"N-VA",1155,2506
"Beersel","23003",3,"VLAAMS BELANG",325,404
"Beersel","23003",4,"sp.a-groen",792,1051
"Beersel","23003",7,"CD&V",548,4119
"Beersel","23003",8,"UB",1136,953
"Beersel","23003",9,"Open Beersel",346,627
"Begijnendijk","24007",2,"N-VA",635,817
"Begijnendijk","24007",7,"CD&V",127,916
"Begijnendijk","24007",8,"Leef",224,391
"Begijnendijk","24007",9,"samen.be",207,1436
"Begijnendijk","24007",10,"MGB",278,2250
"Bekkevoort","24008",2,"N-VA",261,353
"Bekkevoort","24008",4,"sp.a",165,1075
"Bekkevoort","24008",7,"CD&V",236,1514
"Bekkevoort","24008",8,"Bekkevoort Beter",158,647
"Beringen","71004",1,"Open Vld",340,1574
"Beringen","71004",2,"N-VA",2581,5019
"Beringen","71004",4,"sp.a",475,7127
"Beringen","71004",6,"Groen",426,692
"Beringen","71004",7,"CD&V",774,6382
"Beringen","71004",8,"VBLD",755,2787
"Berlaar","12002",1,"Open Vld",144,240
"Berlaar","12002",3,"VLAAMS BELANG",377,376
"Berlaar","12002",4,"sp.a",175,891
"Berlaar","12002",6,"Groen",222,565
"Berlaar","12002",7,"CD&V / N-VA",916,2924
"Berlaar","12002",8,"SamBA",202,827
"Berlare","42003",1,"Open Vld",466,4714
"Berlare","42003",2,"N-VA",568,1082
"Berlare","42003",3,"VLAAMS BELANG",203,401
"Berlare","42003",4,"sp.a",175,842
"Berlare","42003",7,"CD&V",230,1852
"Bertem","24009",2,"N-VA",456,692
"Bertem","24009",4,"sp.a",142,707
"Bertem","24009",6,"Groen",212,354
"Bertem","24009",7,"CD&V",177,1499
"Bertem","24009",8,"GEMBEL - OPEN VLD",213,1708
"Bertem","24009",9,"BBB",91,170
"Bever","23009",7,"CD&V",74,761
"Bever","23009",8,"OPEN VOOR DE MENS",98,572
"Beveren","46003",1,"Open Vld",527,1693
"Beveren","46003",2,"N-VA",3727,7853
"Beveren","46003",3,"VLAAMS BELANG",1394,1603
"Beveren","46003",6,"Groen-sp.a",1365,2539
"Beveren","46003",7,"CD&V Beveren",1672,10489
"Bierbeek","24011",1,"Open Vld",241,1176
"Bierbeek","24011",2,"N-VA",538,939
"Bierbeek","24011",4,"sp.a-Groen",440,920
"Bierbeek","24011",7,"CD&V",307,1952
"Bilzen","73006",1,"Open Vld",335,3412
"Bilzen","73006",2,"N-VA",1275,4862
"Bilzen","73006",3,"VLAAMS BELANG",628,863
"Bilzen","73006",7,"CD&V-NIEUW",639,5917
"Bilzen","73006",8,"PRO-Bilzen",468,3432
"Blankenberge","31004",1,"Open Vld",643,3859
"Blankenberge","31004",2,"N-VA",984,2024
"Blankenberge","31004",3,"VLAAMS BELANG",450,434
"Blankenberge","31004",4,"sp.a",669,2138
"Blankenberge","31004",7,"CD&V",247,1769
"Blankenberge","31004",8,"Dwars Groen",304,334
"Bocholt","72003",2,"N-VA",590,1282
"Bocholt","72003",3,"VLAAMS BELANG",226,163
"Bocholt","72003",4,"sp.a",143,1171
"Bocholt","72003",8,"Nieuwe Unie",294,2000
"Bocholt","72003",9,"VIA",372,2244
"Boechout","11004",1,"Open Vld",164,393
"Boechout","11004",2,"N-VA",782,1612
"Boechout","11004",6,"Groen-Gangmaker",284,630
"Boechout","11004",7,"CD&V",154,995
"Boechout","11004",8,"GEMEENTEBELANGEN",84,521
"Boechout","11004",9,"PROboechout&vremde",746,2422
"Bonheiden","12005",1,"Open Vld",261,643
"Bonheiden","12005",2,"N-VA",957,1653
"Bonheiden","12005",4,"sp.a",152,359
"Bonheiden","12005",6,"Groen",323,991
"Bonheiden","12005",7,"CD&V",198,1943
"Bonheiden","12005",8,"BR",388,2550
"Boom","11005",1,"Open Vld",222,514
"Boom","11005",2,"N-VA",1289,2819
"Boom","11005",3,"VLAAMS BELANG",505,1017
"Boom","11005",6,"Groen",237,572
"Boom","11005",7,"CD&V",193,757
"Boom","11005",8,"Boom één",285,2641
"Boom","11005",9,"EVA",34,53
"Boortmeerbeek","24014",1,"Open Vld",455,2702
"Boortmeerbeek","24014",2,"N-VA",888,948
"Boortmeerbeek","24014",3,"VLAAMS BELANG",164,295
"Boortmeerbeek","24014",4,"sp.a",316,931
"Boortmeerbeek","24014",7,"CD&V",275,1307
"Borgloon","73009",1,"Open Vld STROOP",224,2276
"Borgloon","73009",2,"N-VA",435,845
"Borgloon","73009",4,"sp.a",212,2368
"Borgloon","73009",7,"CD&V",164,1201
"Bornem","12007",2,"N-VA",1051,1280
"Bornem","12007",3,"VLAAMS BELANG",330,690
"Bornem","12007",4,"sp.a",249,2351
"Bornem","12007",6,"Groen",364,858
"Bornem","12007",7,"CD&V",557,5224
"Bornem","12007",8,"Beter Bornem",229,837
"Bornem","12007",9,"B! democratisch",94,988
"Borsbeek","11007",1,"Open Vld",84,320
"Borsbeek","11007",2,"N-VA",877,1264
"Borsbeek","11007",3,"VLAAMS BELANG",253,419
"Borsbeek","11007",6,"Groen",185,508
"Borsbeek","11007",7,"CD&V",139,851
"Borsbeek","11007",8,"BbA",154,887
"Borsbeek","11007",9,"Het Alternatief",57,251
"Borsbeek","11007",10,"Pro Borsbeek",86,498
"Boutersem","24016",1,"Open Vld",155,893
"Boutersem","24016",2,"N-VA",408,368
"Boutersem","24016",4,"sp.a",223,1631
"Boutersem","24016",6,"Groen",211,279
"Boutersem","24016",7,"CD&V",205,1099
"Brakel","45059",1,"Open Vld",320,4072
"Brakel","45059",2,"N-VA",613,972
"Brakel","45059",3,"VLAAMS BELANG",208,304
"Brakel","45059",4,"sp.a",312,1268
"Brakel","45059",7,"CD&V",192,2209
"Brasschaat","11008",1,"Open Vld",467,1564
"Brasschaat","11008",2,"N-VA",2171,7551
"Brasschaat","11008",3,"VLAAMS BELANG",730,1755
"Brasschaat","11008",7,"CD&V",875,5593
"Brasschaat","11008",8,"BRASSCHAAT 2012",824,2838
"Brasschaat","11008",9,"BRASSCHATENAREN",104,244
"Brecht","11009",1,"Open Vld",314,1533
"Brecht","11009",2,"N-VA",2333,3670
"Brecht","11009",3,"VLAAMS BELANG",741,1193
"Brecht","11009",4,"sp.a",299,850
"Brecht","11009",6,"Groen",444,528
"Brecht","11009",7,"CD&V-CDB",586,5618
"Brecht","11009",8,"H-EERLIJK BRECHT",147,644
"Bredene","35002",1,"Open Vld",268,487
"Bredene","35002",2,"N-VA",1165,1357
"Bredene","35002",3,"VLAAMS BELANG",350,246
"Bredene","35002",4,"sp.a",811,4759
"Bredene","35002",5,"LIJST DEDECKER",101,215
"Bredene","35002",7,"CD&V",253,1275
"Bredene","35002",8,"VITAL",63,59
"Bredene","35002",9,"PVDA+",95,97
"Bree","72004",3,"VLAAMS BELANG-LB",489,737
"Bree","72004",7,"CD&V",464,1899
"Bree","72004",8,"Verjonging",591,3345
"Bree","72004",9,"BROS",743,2262
"Brugge","31005",1,"Open Vld",1471,7388
"Brugge","31005",2,"N-VA",6298,9650
"Brugge","31005",3,"VLAAMS BELANG",1956,2394
"Brugge","31005",4,"sp.a",3313,18254
"Brugge","31005",5,"LIJST DEDECKER",129,277
"Brugge","31005",6,"Groen",2905,4218
"Brugge","31005",7,"CD&V",2603,18801
"Brugge","31005",8,"LIJST BURGEMEESTER",170,465
"Brugge","31005",9,"VCD",73,213
"Buggenhout","42004",1,"Open Vld",143,564
"Buggenhout","42004",2,"N-VA",501,1078
"Buggenhout","42004",3,"VLAAMS BELANG",190,510
"Buggenhout","42004",4,"sp.a",156,384
"Buggenhout","42004",7,"CD&V",203,2712
"Buggenhout","42004",8,"NCD",292,3498
"Buggenhout","42004",9,"Blik Vooruit",23,32
"Damme","31006",1,"Open Vld",209,316
"Damme","31006",2,"N-VA",686,925
"Damme","31006",7,"CD&V",296,5199
"Damme","31006",8,"SAMEN STERKER",158,141
"De Haan","35029",3,"VLAAMS BELANG",168,124
"De Haan","35029",4,"sp.a-CD&V",165,692
"De Haan","35029",6,"Groen",180,346
"De Haan","35029",8,"L.B.+SAMEN+N-VA",318,2472
"De Haan","35029",9,"bewust ' 12",229,4582
"De Haan","35029",10,"PIRATENPARTIJ",65,74
"De Panne","38008",3,"VLAAMS BELANG",119,299
"De Panne","38008",7,"CD&VPLUS",170,1689
"De Panne","38008",8,"VISIE 2020 & N-VA",231,1773
"De Panne","38008",9,"DAS",271,2364
"De Panne","38008",10,"ANDERS",53,299
"De Pinte","44012",1,"Open Vld",340,1140
"De Pinte","44012",2,"N-VA",627,855
"De Pinte","44012",7,"CD&V",310,2517
"De Pinte","44012",8,"Ruimte",498,1216
"Deerlijk","34009",1,"Open Vld",206,1135
"Deerlijk","34009",2,"N-VA",495,1036
"Deerlijk","34009",3,"VLAAMS BELANG",173,193
"Deerlijk","34009",4,"sp.a",289,992
"Deerlijk","34009",7,"CD&V",298,3469
"Deerlijk","34009",8,"DURF!",66,69
"Deinze","44011",1,"Open Vld+",654,3424
"Deinze","44011",2,"N-VA",1484,2210
"Deinze","44011",3,"VLAAMS BELANG",427,405
"Deinze","44011",4,"sp.a",354,924
"Deinze","44011",7,"CD&V",679,5886
"Deinze","44011",8,"GroenRood",734,1607
"Deinze","44011",9,"Wakker Deinze",492,1765
"Denderleeuw","41011",1,"Open Vld/Plus",215,1657
"Denderleeuw","41011",2,"N-VA",1164,2070
"Denderleeuw","41011",3,"VLAAMS BELANG",641,1007
"Denderleeuw","41011",4,"sp.a-OPEN",497,3406
"Denderleeuw","41011",7,"CD&V",242,2109
"Dendermonde","42006",1,"Open Vld",517,2837
"Dendermonde","42006",2,"N-VA",2068,5132
"Dendermonde","42006",3,"VLAAMS BELANG",837,1838
"Dendermonde","42006",4,"sp.a",696,3410
"Dendermonde","42006",6,"Groen",592,805
"Dendermonde","42006",7,"CD&V",882,11325
"Dendermonde","42006",8,"LSP",36,117
"Dentergem","37002",8,"EENDRACHT",449,3216
"Dentergem","37002",9,"FOCUS8720",377,1995
"Dessel","13006",2,"N-VA",387,3084
"Dessel","13006",7,"CD&V",127,1330
"Dessel","13006",8,"samen-sp.a",113,585
"Dessel","13006",9,"D&W",81,795
"Destelbergen","44013",1,"Open Vld",731,2954
"Destelbergen","44013",2,"N-VA",1309,2053
"Destelbergen","44013",3,"VLAAMS BELANG",385,282
"Destelbergen","44013",4,"sp.a",422,950
"Destelbergen","44013",6,"Groen",610,492
"Destelbergen","44013",7,"CD&V",296,2311
"Diepenbeek","71011",1,"Open Vld",175,1110
"Diepenbeek","71011",2,"N-VA",648,1639
"Diepenbeek","71011",4,"sp.a",180,1748
"Diepenbeek","71011",6,"Groen",239,856
"Diepenbeek","71011",7,"CD&V",196,1355
"Diepenbeek","71011",8,"PUUR - DIEPENBEEK",279,2449
"Diepenbeek","71011",9,"DAAD",152,2027
"Diest","24020",1,"Open Vld",469,2556
"Diest","24020",2,"N-VA",1759,2023
"Diest","24020",3,"VLAAMS BELANG",648,520
"Diest","24020",4,"sp.a - groen",645,2669
"Diest","24020",8,"DDS",627,3742
"Diest","24020",9,"D EN D",123,405
"Diksmuide","32003",2,"N-VA",777,2310
"Diksmuide","32003",3,"VLAAMS BELANG",294,389
"Diksmuide","32003",4,"sp.a-open",298,2050
"Diksmuide","32003",7,"CD&V",307,3383
"Diksmuide","32003",8,"IDEE 2006",188,1838
"Dilbeek","23016",2,"N-VA",1842,4289
"Dilbeek","23016",6,"Groen - sp.a",945,1595
"Dilbeek","23016",7,"CD&V-DNA",378,4707
"Dilbeek","23016",8,"VERNIEUWING",160,452
"Dilbeek","23016",9,"LvBurgemeester-VLD",857,7790
"Dilbeek","23016",10,"UF=MR+CDH+FDF+IND",1316,1826
"Dilsen-Stokkem","72041",1,"Open Vld",445,3853
"Dilsen-Stokkem","72041",2,"N-VA",935,1155
"Dilsen-Stokkem","72041",7,"CD&V",331,2943
"Dilsen-Stokkem","72041",8,"Vooruit 2012",294,2623
"Dilsen-Stokkem","72041",9,"Leefbaar D-S",174,323
"Drogenbos","23098",10,"DROGENBOS PLUS-LB",285,1364
"Drogenbos","23098",11,"UF",265,681
"Duffel","12009",1,"Open Vld",197,450
"Duffel","12009",2,"N-VA",1007,2771
"Duffel","12009",3,"VLAAMS BELANG",284,602
"Duffel","12009",6,"Groen-sp.a",400,1423
"Duffel","12009",7,"CD&V",484,4017
"Duffel","12009",8,"PVDA+",76,163
"Edegem","11013",1,"Open Vld",421,757
"Edegem","11013",2,"N-VA",1408,3901
"Edegem","11013",3,"VLAAMS BELANG",288,562
"Edegem","11013",4,"sp.a",255,444
"Edegem","11013",6,"Groen",555,1593
"Edegem","11013",7,"CD&V2650",746,3323
"Edegem","11013",8,"democratiEdegem",65,221
"Edegem","11013",9,"OnafhankelykEdegem",27,83
"Eeklo","43005",1,"Open Vld",320,1127
"Eeklo","43005",2,"N-VA",987,1816
"Eeklo","43005",3,"VLAAMS BELANG",552,422
"Eeklo","43005",6,"Groen-sp.a",630,1426
"Eeklo","43005",7,"CD&V+",557,3750
"Eeklo","43005",8,"SMS EEKLO",410,1771
"Erpe-Mere","41082",1,"Open Vld",405,2276
"Erpe-Mere","41082",2,"N-VA",1297,2245
"Erpe-Mere","41082",3,"VLAAMS BELANG",420,404
"Erpe-Mere","41082",4,"sp.a-Groen",499,644
"Erpe-Mere","41082",7,"CD&V",509,5070
"Erpe-Mere","41082",8,"DENDEREND & VRIJ",58,261
"Essen","11016",1,"Open Vld",98,655
"Essen","11016",2,"N-VA/PLE",673,2471
"Essen","11016",3,"VLAAMS BELANG",216,606
"Essen","11016",4,"sp.a",268,1548
"Essen","11016",7,"CD&V",379,3279
"Essen","11016",8,"Piratenpartij",58,227
"Evergem","44019",1,"Open Vld",531,1759
"Evergem","44019",2,"N-VA",1965,5881
"Evergem","44019",3,"VLAAMS BELANG",846,1225
"Evergem","44019",4,"sp.a",625,1863
"Evergem","44019",6,"Groen",778,1435
"Evergem","44019",7,"CD&V",699,5754
"Galmaarden","23023",1,"Open Vld",111,301
"Galmaarden","23023",2,"N-VA",578,1003
"Galmaarden","23023",3,"VLAAMS BELANG",126,116
"Galmaarden","23023",4,"sp.a",132,312
"Galmaarden","23023",7,"CD&V",294,3226
"Gavere","44020",1,"Open Vld - VOG",300,2611
"Gavere","44020",3,"VLAAMS BELANG",200,203
"Gavere","44020",4,"sp.a-Groen",399,727
"Gavere","44020",7,"CD&V",164,1061
"Gavere","44020",8,"Gavere durft/ N-VA",495,2029
"Gavere","44020",9,"DE BRUG",67,848
"Geel","13008",1,"Open Vld",335,1024
"Geel","13008",2,"N-VA",2745,6778
"Geel","13008",3,"VLAAMS BELANG",739,1230
"Geel","13008",4,"sp.a",558,2276
"Geel","13008",6,"Groen",604,1287
"Geel","13008",7,"CD&V",897,7089
"Geel","13008",8,"PVDA+",155,327
"Geetbets","24028",1,"Open Vld",70,1137
"Geetbets","24028",2,"N-VA",202,376
"Geetbets","24028",4,"sp.a",81,807
"Geetbets","24028",7,"CD&V",75,837
"Geetbets","24028",8,"DNA/GVP",66,729
"Genk","71016",1,"Open Vld Iedereen",459,1345
"Genk","71016",2,"N-VA",2883,4584
"Genk","71016",3,"VLAAMS BELANG",1243,2576
"Genk","71016",7,"CD&V",1185,15634
"Genk","71016",8,"Genk Anders",157,443
"Genk","71016",9,"PVDA+",642,2983
"Genk","71016",10,"PROgenk",719,6158
"Gent","44021",1,"Open Vld",5525,19642
"Gent","44021",2,"N-VA",11543,14521
"Gent","44021",3,"VLAAMS BELANG",5789,4177
"Gent","44021",4,"sp.a-Groen",13258,56098
"Gent","44021",7,"CD&V",2724,11110
"Gent","44021",8,"PVDA+",2036,2395
"Gent","44021",9,"ROOD!",872,689
"Gent","44021",10,"SOLIDA",86,150
"Gent","44021",11,"BELG-UNIE",203,130
"Gent","44021",12,"PIRATENPARTIJ",709,397
"Gent","44021",13,"LIJSTLIJST",268,190
"Geraardsbergen","41018",1,"Open Vld",669,7417
"Geraardsbergen","41018",2,"N-VA",1738,1781
"Geraardsbergen","41018",3,"VLAAMS BELANG-VLOT",755,876
"Geraardsbergen","41018",4,"sp.a-Groen",786,4684
"Geraardsbergen","41018",7,"CD&V",328,3436
"Gingelom","71017",1,"Open Vld",169,857
"Gingelom","71017",2,"N-VA",385,420
"Gingelom","71017",4,"sp.a - goesting",315,2595
"Gingelom","71017",7,"CD&V",149,788
"Gingelom","71017",8,"DE GINGELOMMENAAR",82,175
"Gistel","35005",1,"Open Vld",223,2201
"Gistel","35005",2,"N-VA",313,1261
"Gistel","35005",3,"VLAAMS BELANG",153,178
"Gistel","35005",4,"sp.a",158,1166
"Gistel","35005",6,"Groen",179,390
"Gistel","35005",7,"CD&V",198,2109
"Glabbeek","24137",2,"N-VA",172,184
"Glabbeek","24137",4,"sp.a",55,445
"Glabbeek","24137",7,"CD&V",115,1142
"Glabbeek","24137",8,"SAMEN-Open Vld",84,519
"Glabbeek","24137",9,"DORPSPARTIJ",120,1044
"Gooik","23024",1,"Open Vld",154,1129
"Gooik","23024",2,"N-VA",472,783
"Gooik","23024",4,"sp.a - samen",150,302
"Gooik","23024",7,"CD&V",308,3346
"Grimbergen","23025",1,"Open Vld",812,3171
"Grimbergen","23025",2,"N-VA",1808,1682
"Grimbergen","23025",4,"sp.a",481,1286
"Grimbergen","23025",6,"Groen",866,1512
"Grimbergen","23025",7,"CD&V",420,4116
"Grimbergen","23025",8,"Vernieuwing",474,3339
"Grimbergen","23025",9,"UF",1351,1104
"Grobbendonk","13010",1,"Open Vld - GROBOS",150,1729
"Grobbendonk","13010",2,"N-VA",786,1205
"Grobbendonk","13010",3,"VLAAMS BELANG",177,514
"Grobbendonk","13010",4,"sp.a",197,1280
"Grobbendonk","13010",7,"CD&V",180,1485
"Haacht","24033",1,"Open Vld",331,2490
"Haacht","24033",2,"N-VA",888,1411
"Haacht","24033",4,"sp.a",289,1147
"Haacht","24033",6,"Groen",425,1040
"Haacht","24033",7,"CD&V",218,1510
"Haaltert","41024",2,"N-VA",1172,1611
"Haaltert","41024",4,"sp.a",409,1218
"Haaltert","41024",7,"CD&V",350,2338
"Haaltert","41024",8,"Centrumlijst - VLD",451,3061
"Haaltert","41024",9,"Open en Liberaal",268,1847
"Halen","71020",1,"Open Vld",156,1033
"Halen","71020",2,"N-VA",607,701
"Halen","71020",4,"sp.a",261,762
"Halen","71020",7,"CD&V",297,2566
"Halen","71020",8,"HVB",61,80
"Halle","23027",1,"Open Vld",455,2029
"Halle","23027",2,"N-VA",1629,5470
"Halle","23027",3,"VLAAMS BELANG",473,969
"Halle","23027",4,"sp.a",550,3213
"Halle","23027",6,"Groen",616,740
"Halle","23027",7,"CD&V",522,5113
"Halle","23027",8,"PARTIJ ZWEMBAD",392,519
"Halle","23027",9,"UF",512,548
"Ham","71069",1,"Open Vld",166,1385
"Ham","71069",2,"N-VA",582,810
"Ham","71069",3,"VLAAMS BELANG",186,344
"Ham","71069",7,"CD&V",333,2406
"Ham","71069",8,"PRO HAM",145,835
"Hamme","42008",1,"Open Vld",350,2863
"Hamme","42008",2,"N-VA",1493,1805
"Hamme","42008",3,"VLAAMS BELANG",736,786
"Hamme","42008",4,"sp.a",399,1965
"Hamme","42008",6,"Groen",441,834
"Hamme","42008",7,"CD&V HammeMoerzeke",538,4755
"Hamme","42008",8,"PuurHams12",91,121
"Hamont-Achel","72037",2,"N-VA",254,660
"Hamont-Achel","72037",4,"sp.a",68,353
"Hamont-Achel","72037",7,"CD&V",283,2472
"Hamont-Achel","72037",8,"BALANS",61,764
"Hamont-Achel","72037",9,"PRO Hamont-Achel",279,2315
"Harelbeke","34013",1,"Open Vld",413,1093
"Harelbeke","34013",2,"N-VA",1801,2079
"Harelbeke","34013",3,"VLAAMS BELANG",689,357
"Harelbeke","34013",4,"sp.a-Groen",1043,4600
"Harelbeke","34013",7,"CD&V",772,6081
"Harelbeke","34013",8,"PVDA+",145,141
"Hasselt","71022",2,"N-VA",5302,7828
"Hasselt","71022",3,"VLAAMS BELANG",1168,1677
"Hasselt","71022",7,"CD&V",1463,10227
"Hasselt","71022",8,"HELEMAAL HASSELT",2203,14784
"Hasselt","71022",9,"GROEI met Open Vld",1081,4015
"Hasselt","71022",10,"Leefbaar Hasselt",642,1035
"Hechtel-Eksel","72038",2,"N-VA",415,642
"Hechtel-Eksel","72038",4,"sp.a",130,806
"Hechtel-Eksel","72038",7,"CD&V",204,2051
"Hechtel-Eksel","72038",8,"ANDERS",125,665
"Hechtel-Eksel","72038",9,"HE",234,2781
"Heers","73022",1,"Open Vld",92,949
"Heers","73022",2,"N-VA",213,656
"Heers","73022",4,"sp.a-DUMONT",132,1815
"Heers","73022",7,"CD&V",100,1261
"Heist-op-den-Berg","12014",1,"Open Vld",505,2553
"Heist-op-den-Berg","12014",2,"N-VA",2629,5272
"Heist-op-den-Berg","12014",3,"VLAAMS BELANG",1021,969
"Heist-op-den-Berg","12014",4,"sp.a",739,2825
"Heist-op-den-Berg","12014",6,"Groen",629,509
"Heist-op-den-Berg","12014",7,"CD&V",1059,7585
"Heist-op-den-Berg","12014",8,"PVDA+",142,229
"Heist-op-den-Berg","12014",9,"E.T.A.",505,1201
"Heist-op-den-Berg","12014",10,"GROOT-HEIST ANDERS",154,773
"Hemiksem","11018",1,"Open Vld",132,593
"Hemiksem","11018",2,"N-VA",550,677
"Hemiksem","11018",3,"VLAAMS BELANG",250,489
"Hemiksem","11018",4,"sp.a",259,1551
"Hemiksem","11018",7,"CD&V",207,1731
"Hemiksem","11018",8,"N-VH",102,405
"Hemiksem","11018",9,"PVDA+",66,159
"Herent","24038",1,"Open Vld",462,830
"Herent","24038",2,"N-VA",1180,2439
"Herent","24038",4,"sp.a",322,1958
"Herent","24038",6,"Groen",743,1577
"Herent","24038",7,"CD&V",510,2036
"Herent","24038",8,"HERENT 21",268,1261
"Herent","24038",9,"LV Herent",52,215
"Herentals","13011",2,"N-VA",1828,2949
"Herentals","13011",3,"VLAAMS BELANG",454,1253
"Herentals","13011",4,"sp.a",597,4296
"Herentals","13011",6,"Groen",457,1274
"Herentals","13011",7,"CD&V",539,4270
"Herentals","13011",8,"HNM",229,1158
"Herenthout","13012",2,"N-VA",337,595
"Herenthout","13012",7,"CD&V",124,1257
"Herenthout","13012",8,"EENHEID",130,1093
"Herenthout","13012",9,"GEMEENTEBELANGEN",151,1951
"Herenthout","13012",10,"S.A.M.E.N.",109,581
"Herk-de-Stad","71024",1,"Open Vld",202,1519
"Herk-de-Stad","71024",2,"N-VA NIEUW",600,1912
"Herk-de-Stad","71024",4,"sp.a Herk-de-Stad",335,2758
"Herk-de-Stad","71024",6,"Groen",197,187
"Herk-de-Stad","71024",7,"CD&V",197,986
"Herne","23032",1,"Open Vld",95,461
"Herne","23032",2,"N-VA",205,143
"Herne","23032",4,"sp.a",59,158
"Herne","23032",7,"CD&V",230,3474
"Herselt","13013",1,"Open Vld",121,481
"Herselt","13013",2,"N-VA",888,2589
"Herselt","13013",3,"VLAAMS BELANG",351,418
"Herselt","13013",4,"sp.a",211,741
"Herselt","13013",7,"CD&V",377,3890
"Herselt","13013",8,"PVDA +",70,126
"Herzele","41027",1,"Open Vld",438,3752
"Herzele","41027",2,"N-VA",986,1145
"Herzele","41027",4,"sp.a",248,1340
"Herzele","41027",7,"CD&V en Partners",287,3310
"Herzele","41027",8,"LEEF!",473,691
"Heusden-Zolder","71070",1,"Open Vld",295,1040
"Heusden-Zolder","71070",2,"N-VA",1492,4606
"Heusden-Zolder","71070",3,"VLAAMS BELANG",551,1175
"Heusden-Zolder","71070",4,"sp.a",375,3255
"Heusden-Zolder","71070",7,"CD&V-Plus",346,3456
"Heusden-Zolder","71070",8,"RESPECT",7,236
"Heusden-Zolder","71070",9,"STERK H-Z",56,1133
"Heusden-Zolder","71070",10,"Nieuw HZ",332,2930
"Heuvelland","33039",2,"N-VA",214,777
"Heuvelland","33039",7,"CD&V",172,1526
"Heuvelland","33039",8,"Gemeentebelangen",318,2000
"Heuvelland","33039",9,"HEUVELLAND",111,323
"Hoegaarden","24041",1,"Open Vld",158,756
"Hoegaarden","24041",2,"N-VA",351,411
"Hoegaarden","24041",4,"sp.a",207,357
"Hoegaarden","24041",7,"CD&V",179,2256
"Hoeilaart","23033",1,"Open Vld",378,2676
"Hoeilaart","23033",7,"CD&V / N-VA",147,1533
"Hoeilaart","23033",8,"UF",257,301
"Hoeilaart","23033",9,"PRO Hoeilaart",205,712
"Hoeselt","73032",2,"N-VA/Nieuw",395,1428
"Hoeselt","73032",3,"VLAAMS BELANG",147,185
"Hoeselt","73032",4,"sp.a",137,198
"Hoeselt","73032",8,"BEST Hoeselt",178,1442
"Hoeselt","73032",9,"VLD-plus",161,1770
"Hoeselt","73032",10,"cdh",82,725
"Holsbeek","24043",1,"Open Vld",212,1041
"Holsbeek","24043",2,"N-VA",560,803
"Holsbeek","24043",4,"sp.a",162,663
"Holsbeek","24043",6,"Groen",273,552
"Holsbeek","24043",7,"CD&V",301,2202
"Hooglede","36006",1,"Open Vld",124,734
"Hooglede","36006",2,"N-VA - PLUS",530,2319
"Hooglede","36006",7,"CD&V",272,2054
"Hooglede","36006",8,"SAMEN STERK",217,750
"Hoogstraten","13014",2,"N-VA",634,1702
"Hoogstraten","13014",3,"VLAAMS BELANG",159,367
"Hoogstraten","13014",7,"CD&V",331,3393
"Hoogstraten","13014",8,"Anders",298,1343
"Hoogstraten","13014",9,"HOOGSTRATEN LEEFT",237,3144
"Horebeke","45062",2,"N-VA",122,287
"Horebeke","45062",8,"VOLKSBELANGEN",84,966
"Houthalen-Helchteren","72039",1,"Open Vld",224,710
"Houthalen-Helchteren","72039",2,"N-VA",1206,2717
"Houthalen-Helchteren","72039",3,"VLAAMS BELANG",620,925
"Houthalen-Helchteren","72039",4,"sp.a-Groen-Plus",540,5114
"Houthalen-Helchteren","72039",7,"CD&V",455,4022
"Houthalen-Helchteren","72039",8,"S&D",373,2978
"Houthalen-Helchteren","72039",9,"HART",51,290
"Houthulst","32006",2,"N-VA",467,1346
"Houthulst","32006",4,"sp.a open",183,1325
"Houthulst","32006",7,"CD&V",291,3049
"Hove","11021",2,"N-VA",752,929
"Hove","11021",3,"VLAAMS BELANG",91,157
"Hove","11021",7,"CD&V-Open Vld",224,1074
"Hove","11021",8,"HOVE BEWEEGT",250,1000
"Hove","11021",9,"pH7-POSITIEF HOVE",278,1022
"Huldenberg","24045",1,"Open Vld",247,1588
"Huldenberg","24045",2,"N-VA",327,957
"Huldenberg","24045",4,"sp.a",105,390
"Huldenberg","24045",6,"Groen",301,695
"Huldenberg","24045",7,"CD&V",163,1377
"Hulshout","13016",1,"Open Vld",120,414
"Hulshout","13016",2,"N-VA",677,1875
"Hulshout","13016",4,"sp.a",138,309
"Hulshout","13016",6,"Groen",158,433
"Hulshout","13016",7,"CD&V",198,2850
"Ichtegem","35006",2,"N-VA",568,555
"Ichtegem","35006",4,"sp.a",261,788
"Ichtegem","35006",7,"CD&V",221,2505
"Ichtegem","35006",8,"W.I.T.",366,2261
"Ichtegem","35006",9,"Liberaal 2012",177,2249
"Ieper","33011",3,"VLAAMS BELANG",946,1132
"Ieper","33011",4,"sp.a",751,3019
"Ieper","33011",6,"Groen",642,1066
"Ieper","33011",7,"CD&V/N-VA",1287,11340
"Ieper","33011",8,"OPEN IEPER",575,2482
"Ieper","33011",9,"PVDA+",130,99
"Ieper","33011",10,"IEPERvoorIEDEREEN!",174,258
"Ingelmunster","36007",4,"sp.a-Groen",313,587
"Ingelmunster","36007",7,"CD&V",332,3103
"Ingelmunster","36007",8,"DE BRUG/N-VA/VLD",773,2561
"Izegem","36008",1,"Open Vld",371,1411
"Izegem","36008",2,"N-VA",1936,5040
"Izegem","36008",3,"VLAAMS BELANG",641,955
"Izegem","36008",4,"sp.a - Groen",931,3808
"Izegem","36008",7,"CD&V",721,3366
"Jabbeke","31012",1,"Open Vld",233,333
"Jabbeke","31012",2,"N-VA",915,1379
"Jabbeke","31012",3,"VLAAMS BELANG",268,316
"Jabbeke","31012",4,"sp.a-Groen-plus",427,936
"Jabbeke","31012",7,"CD&V",307,4986
"Kalmthout","11022",2,"N-VA",755,2338
"Kalmthout","11022",3,"VLAAMS BELANG",178,445
"Kalmthout","11022",4,"sp.a",158,927
"Kalmthout","11022",6,"Groen",302,618
"Kalmthout","11022",7,"CD&V",499,4560
"Kalmthout","11022",8,"NV-K",21,73
"Kalmthout","11022",9,"PVDA+",69,154
"Kalmthout","11022",10,"KALMTHOUT ANDERS",59,187
"Kampenhout","23038",1,"Open Vld",266,1748
"Kampenhout","23038",2,"N-VA",622,965
"Kampenhout","23038",3,"VLAAMS BELANG",162,379
"Kampenhout","23038",4,"sp.a",92,300
"Kampenhout","23038",6,"Groen",281,395
"Kampenhout","23038",7,"CD&V",197,2428
"Kapelle-op-den-Bos","23039",2,"N-VA",718,1526
"Kapelle-op-den-Bos","23039",3,"VLAAMS BELANG",165,111
"Kapelle-op-den-Bos","23039",4,"sp.a",226,1423
"Kapelle-op-den-Bos","23039",6,"Groen",237,553
"Kapelle-op-den-Bos","23039",7,"CD&V",197,1673
"Kapellen","11023",1,"Open Vld",1204,6312
"Kapellen","11023",2,"N-VA",1790,2943
"Kapellen","11023",3,"VLAAMS BELANG",463,825
"Kapellen","11023",4,"sp.a-Groen",730,1669
"Kapellen","11023",7,"CD&V",288,1213
"Kaprijke","43007",2,"N-VA",229,775
"Kaprijke","43007",6,"Groen",104,246
"Kaprijke","43007",7,"CD&V+",93,943
"Kaprijke","43007",8,"SAMEN",177,1903
"Kasterlee","13017",1,"Open Vld",183,946
"Kasterlee","13017",2,"N-VA",1112,2532
"Kasterlee","13017",3,"VLAAMS BELANG",294,492
"Kasterlee","13017",4,"sp.a",144,545
"Kasterlee","13017",6,"Groen",275,751
"Kasterlee","13017",7,"CD&V",525,5156
"Keerbergen","24048",2,"N-VA",782,1715
"Keerbergen","24048",3,"VLAAMS BELANG",153,180
"Keerbergen","24048",7,"CD&V",191,2078
"Keerbergen","24048",8,"KEERBERGEN2020",479,2733
"Keerbergen","24048",9,"d.e.n.k.",108,240
"Keerbergen","24048",10,"LSP-ROOD!",69,93
"Kinrooi","72018",1,"Open Vld",149,532
"Kinrooi","72018",2,"N-VA",606,1436
"Kinrooi","72018",4,"sp.a",191,757
"Kinrooi","72018",7,"CD&V",542,3390
"Kluisbergen","45060",2,"N-VA",178,481
"Kluisbergen","45060",4,"sp.a",106,254
"Kluisbergen","45060",7,"CD&V",92,1040
"Kluisbergen","45060",8,"GEMEENTEBELANGEN",202,2224
"Knesselare","44029",6,"Groen",308,823
"Knesselare","44029",8,"GROEP9910",384,3210
"Knesselare","44029",9,"E-VA",331,440
"Knokke-Heist","31043",2,"N-VA",1787,3194
"Knokke-Heist","31043",3,"VLAAMS BELANG",345,636
"Knokke-Heist","31043",4,"sp.a",270,692
"Knokke-Heist","31043",6,"Groen",300,652
"Knokke-Heist","31043",8,"gemeentebelangen",1445,13926
"Knokke-Heist","31043",9,"TEAM WAEGHE",210,251
"Koekelare","32010",1,"Open Vld",83,1504
"Koekelare","32010",2,"N-VA",178,319
"Koekelare","32010",4,"sp.a",267,2210
"Koekelare","32010",7,"CD&V",83,1363
"Koekelare","32010",8,"OK/Groen Koekelare",77,239
"Koksijde","38014",2,"N-VA",1083,2960
"Koksijde","38014",3,"VLAAMS BELANG",189,334
"Koksijde","38014",8,"!MPULS",542,2339
"Koksijde","38014",9,"LIJST BURGEMEESTER",1014,7685
"Kontich","11024",1,"Open Vld",309,1819
"Kontich","11024",2,"N-VA",1646,2564
"Kontich","11024",3,"VLAAMS BELANG",394,823
"Kontich","11024",4,"sp.a pro",285,648
"Kontich","11024",7,"CD&V",456,2729
"Kontich","11024",8,"Dorpslijst Sander",827,1900
"Kortemark","32011",1,"Open Vld",219,2467
"Kortemark","32011",2,"N-VA",308,523
"Kortemark","32011",3,"VLAAMS BELANG",141,133
"Kortemark","32011",4,"sp.a",180,461
"Kortemark","32011",7,"CD&V",212,2225
"Kortemark","32011",8,"SAMEN STERK",60,846
"Kortemark","32011",9,"EERLIJK & BEZORGD",284,716
"Kortenaken","24054",1,"Open Vld - GBL",124,1858
"Kortenaken","24054",2,"N-VA",315,726
"Kortenaken","24054",4,"sp.a plus",108,980
"Kortenaken","24054",7,"CD&V",142,1632
"Kortenberg","24055",1,"Open Vld",389,1523
"Kortenberg","24055",2,"N-VA",1167,1776
"Kortenberg","24055",3,"VLAAMS BELANG",236,407
"Kortenberg","24055",4,"sp.a",213,549
"Kortenberg","24055",6,"Groen",556,906
"Kortenberg","24055",7,"CD&V",422,3347
"Kortenberg","24055",8,"VOOR U",160,592
"Kortessem","73040",1,"Open Vld",241,1688
"Kortessem","73040",2,"N-VA",341,920
"Kortessem","73040",4,"sp.a",141,573
"Kortessem","73040",7,"CD&V",193,2099
"Kortrijk","34022",1,"Open Vld",1177,9594
"Kortrijk","34022",2,"N-VA",3662,4585
"Kortrijk","34022",3,"VLAAMS BELANG",1150,1922
"Kortrijk","34022",4,"sp.a",1367,5855
"Kortrijk","34022",6,"Groen",1197,2518
"Kortrijk","34022",7,"CD&V",1520,15146
"Kortrijk","34022",8,"onafhankelijke-K",19,71
"Kortrijk","34022",9,"PVDA+",215,380
"Kortrijk","34022",10,"VCD",72,84
"Kraainem","23099",8,"UNION",708,3580
"Kraainem","23099",9,"KRAAINEM-UNIE",445,958
"Kraainem","23099",10,"OPEN",166,967
"Kruibeke","46013",2,"N-VA",607,3100
"Kruibeke","46013",7,"CD&V",412,3039
"Kruibeke","46013",8,"KRUIBEEKS BELANG",293,645
"Kruibeke","46013",9,"SamenVoorKruibeke",386,2163
"Kruibeke","46013",10,"KRUIBEKE PLUS",95,283
"Kruishoutem","45017",1,"Open Vld",214,749
"Kruishoutem","45017",2,"N-VA",329,420
"Kruishoutem","45017",3,"VLAAMS BELANG",77,75
"Kruishoutem","45017",7,"CD&V",193,3849
"Kuurne","34023",2,"N-VA",706,1112
"Kuurne","34023",3,"VLAAMS BELANG",300,259
"Kuurne","34023",4,"sp.a+ Groen",326,858
"Kuurne","34023",7,"CD&V",325,2114
"Kuurne","34023",8,"LIJST BURGEMEESTER",462,2345
"Kuurne","34023",9,"PVDA+",43,85
"Laakdal","13053",2,"N-VA",761,1770
"Laakdal","13053",3,"VLAAMS BELANG",360,568
"Laakdal","13053",7,"CD&V-LVA",347,3480
"Laakdal","13053",8,"PVDA+",86,282
"Laakdal","13053",9,"samen-sp.a-groen",228,1722
"Laakdal","13053",10,"Stem!",137,1204
"Laarne","42010",1,"Open Vld",471,2599
"Laarne","42010",2,"N-VA",528,1296
"Laarne","42010",4,"sp.a",237,440
"Laarne","42010",7,"CD&V",216,2056
"Laarne","42010",8,"KLIK",203,1012
"Lanaken","73042",1,"Open Vld - Lanaken",445,5992
"Lanaken","73042",2,"N-VA",527,1880
"Lanaken","73042",3,"VLAAMS BELANG",274,782
"Lanaken","73042",4,"sp.a - Groen",236,1490
"Lanaken","73042",7,"CD&V - Lanaken",233,3346
"Landen","24059",1,"Open Vld",191,1653
"Landen","24059",2,"N-VA",642,748
"Landen","24059",3,"VLAAMS BELANG",264,243
"Landen","24059",4,"sp.a",546,1901
"Landen","24059",7,"CD&V",321,3052
"Landen","24059",8,"kies LANDEN",216,1123
"Langemark-Poelkapelle","33040",1,"Open Vld",114,631
"Langemark-Poelkapelle","33040",2,"N-VA",268,767
"Langemark-Poelkapelle","33040",3,"VLAAMS BELANG",161,223
"Langemark-Poelkapelle","33040",4,"sp.a",115,646
"Langemark-Poelkapelle","33040",7,"CD&V",199,2016
"Langemark-Poelkapelle","33040",8,"PROO!",54,368
"Lebbeke","42011",1,"Open Vld",275,3886
"Lebbeke","42011",2,"N-VA",810,2864
"Lebbeke","42011",3,"VLAAMS BELANG",261,602
"Lebbeke","42011",4,"sp.a-De Ploeg",225,1197
"Lebbeke","42011",6,"Groen",281,339
"Lebbeke","42011",7,"CD&V",166,2019
"Lede","41034",1,"Open Vld",289,2671
"Lede","41034",2,"N-VA",1079,2062
"Lede","41034",3,"VLAAMS BELANG",390,441
"Lede","41034",4,"sp.a",196,991
"Lede","41034",6,"Groen",310,709
"Lede","41034",7,"CD&V",239,3593
"Ledegem","36010",1,"Open Vld",123,532
"Ledegem","36010",3,"VLAAMS BELANG",195,128
"Ledegem","36010",4,"sp.a-Groen",223,880
"Ledegem","36010",7,"CD&V/VD",478,4398
"Lendelede","34025",2,"N-VA",357,674
"Lendelede","34025",7,"CD&V",225,1891
"Lendelede","34025",8,"SamenvoorLendelede",74,326
"Lendelede","34025",9,"JONG-LENDELEDE",192,400
"Lennik","23104",2,"N-VA - LENNIK²",419,1379
"Lennik","23104",3,"VLAAMS BELANG",133,375
"Lennik","23104",6,"Groen-sp.a",239,189
"Lennik","23104",7,"CD&V",166,1145
"Lennik","23104",8,"LIJST BURGEMEESTER",177,1733
"Lennik","23104",9,"LEF",77,270
"Leopoldsburg","71034",2,"N-VA",757,1516
"Leopoldsburg","71034",3,"VLAAMS BELANG",341,718
"Leopoldsburg","71034",7,"CD&V",255,2904
"Leopoldsburg","71034",8,"Lijst Burgemeester",276,2595
"Leopoldsburg","71034",9,"PRO Leopoldsburg",129,851
"Leuven","24062",1,"Open Vld / LEUVEN+",1199,3362
"Leuven","24062",2,"N-VA",5248,5843
"Leuven","24062",3,"VLAAMS BELANG",994,1179
"Leuven","24062",4,"sp.a",3256,15044
"Leuven","24062",6,"Groen",3298,5710
"Leuven","24062",7,"CD&V",1479,9301
"Leuven","24062",8,"pvda+",482,1174
"Leuven","24062",9,"Piratenpartij",227,311
"Leuven","24062",10,"CADP",59,77
"Lichtervelde","36011",1,"Open Vld",125,763
"Lichtervelde","36011",2,"N-VA",464,869
"Lichtervelde","36011",7,"CD&V",304,2633
"Lichtervelde","36011",8,"SOMM",281,661
"Liedekerke","23044",1,"Open Vld",171,951
"Liedekerke","23044",2,"N-VA",632,1684
"Liedekerke","23044",3,"VLAAMS BELANG",198,469
"Liedekerke","23044",4,"sp.a",195,1696
"Liedekerke","23044",7,"CD&V",158,2514
"Lier","12021",1,"Open Vld",768,2806
"Lier","12021",2,"N-VA",3299,4323
"Lier","12021",3,"VLAAMS BELANG",1176,1519
"Lier","12021",4,"sp.a - Groen",1227,2857
"Lier","12021",7,"CD&V",612,2059
"Lier","12021",12,"LIER&KO",537,1179
"Lier","12021",13,"vo-LK",350,1122
"Lierde","45063",2,"N-VA",273,173
"Lierde","45063",7,"CD&V-LIERDE",135,1451
"Lierde","45063",8,"CENTRUMLIJST",84,920
"Lierde","45063",9,"LIERDE 2012",121,523
"Lierde","45063",10,"De 3de Partij",100,997
"Lille","13019",1,"Open Vld",167,356
"Lille","13019",2,"N-VA",1242,2348
"Lille","13019",3,"VLAAMS BELANG",375,656
"Lille","13019",6,"Groen",362,785
"Lille","13019",7,"CD&V",583,4626
"Linkebeek","23100",8,"LB",459,1855
"Linkebeek","23100",9,"PROLINK",179,432
"Lint","11025",1,"Open Vld",141,631
"Lint","11025",2,"N-VA",629,1641
"Lint","11025",3,"VLAAMS BELANG",135,428
"Lint","11025",4,"sp.a - Groen",360,774
"Lint","11025",7,"CD&V",179,1274
"Linter","24133",1,"Open Vld",75,683
"Linter","24133",2,"N-VA",218,768
"Linter","24133",3,"VLAAMS BELANG",83,134
"Linter","24133",4,"sp.a",103,448
"Linter","24133",7,"CD&V",199,2615
"Lo-Reninge","32030",8,"DYNAMISCH",107,1163
"Lo-Reninge","32030",9,"INSPRAAK",150,915
"Lochristi","44034",1,"Open Vld",1064,6628
"Lochristi","44034",2,"N-VA",1131,1675
"Lochristi","44034",3,"VLAAMS BELANG",371,295
"Lochristi","44034",4,"sp.a",252,378
"Lochristi","44034",6,"Groen",436,411
"Lochristi","44034",7,"CD&V",507,2445
"Lokeren","46014",1,"Open Vld",1584,8211
"Lokeren","46014",2,"N-VA",2268,2573
"Lokeren","46014",3,"VLAAMS BELANG",1146,941
"Lokeren","46014",4,"sp.a-Groen",1190,3267
"Lokeren","46014",7,"CD&V",754,4375
"Lokeren","46014",8,"GEMEENTEBELANGEN",98,55
"Lommel","72020",1,"Open Vld",139,1856
"Lommel","72020",2,"N-VA",906,2785
"Lommel","72020",3,"VLAAMS BELANG",288,566
"Lommel","72020",6,"Groen",256,675
"Lommel","72020",7,"CD&V",445,3779
"Lommel","72020",8,"Lijst Burgemeester",937,7719
"Lommel","72020",9,"AKTIEF",185,929
"Londerzeel","23045",1,"Open Vld",179,312
"Londerzeel","23045",2,"N-VA",806,1991
"Londerzeel","23045",3,"VLAAMS BELANG",254,195
"Londerzeel","23045",4,"sp.a - Groen",326,1403
"Londerzeel","23045",7,"CD&V",426,3657
"Londerzeel","23045",8,"LWD",546,2866
"Lovendegem","44036",1,"Open Vld",210,903
"Lovendegem","44036",2,"N-VA",490,1139
"Lovendegem","44036",3,"VLAAMS BELANG",118,436
"Lovendegem","44036",6,"Groen-sp.a",336,672
"Lovendegem","44036",7,"CD&V",219,2487
"Lubbeek","24066",1,"Open Vld",329,1673
"Lubbeek","24066",2,"N-VA",673,1919
"Lubbeek","24066",3,"VLAAMS BELANG",91,115
"Lubbeek","24066",6,"Groen sp.a",392,1224
"Lubbeek","24066",7,"CD&V",264,2130
"Lubbeek","24066",8,"Lubbeek Leeft",151,833
"Lubbeek","24066",9,"Vooruit",38,91
"Lubbeek","24066",10,"Gemeentebelangen",18,153
"Lummen","71037",2,"N-VA LUMINEUS VLD",906,2234
"Lummen","71037",4,"sp.a - Groen",392,1957
"Lummen","71037",7,"CD&V",678,3852
"Lummen","71037",8,"CORRECT!",114,112
"Maarkedal","45064",2,"N-VA",329,904
"Maarkedal","45064",7,"CD&V",119,1567
"Maarkedal","45064",8,"Maarkedal Leeft",165,1155
"Maarkedal","45064",9,"samen-sp.a",103,276
"Maaseik","72021",1,"Open Vld",379,2055
"Maaseik","72021",2,"N-VA",1518,1558
"Maaseik","72021",3,"VLAAMS BELANG",705,721
"Maaseik","72021",7,"CD&V",656,3351
"Maaseik","72021",8,"VOLU!T",239,1709
"Maaseik","72021",9,"VOORUIT!",391,2069
"Maasmechelen","73107",1,"Open Vld",347,5439
"Maasmechelen","73107",2,"N-VA",950,2516
"Maasmechelen","73107",3,"VLAAMS BELANG",486,740
"Maasmechelen","73107",4,"sp.a-Groen",284,4748
"Maasmechelen","73107",7,"CD&V",300,7143
"Maasmechelen","73107",8,"PVDA+",104,491
"Machelen","23047",1,"Open Vld",253,876
"Machelen","23047",2,"N-VA",521,883
"Machelen","23047",3,"VLAAMS BELANG",190,226
"Machelen","23047",4,"sp.a-spirit-groen",481,2549
"Machelen","23047",7,"CD&V",184,1378
"Machelen","23047",8,"GEMEENTEBELANGEN",74,164
"Maldegem","43010",1,"Open Vld",442,2246
"Maldegem","43010",2,"N-VA",1117,3481
"Maldegem","43010",3,"VLAAMS BELANG",422,481
"Maldegem","43010",6,"Groen",619,1219
"Maldegem","43010",7,"CD&V",433,5844
"Malle","11057",1,"Open Vld",108,961
"Malle","11057",2,"N-VA",866,1422
"Malle","11057",3,"VLAAMS BELANG/VBM",204,565
"Malle","11057",4,"sp.a - Groen +",263,1090
"Malle","11057",7,"CD&V",229,1499
"Malle","11057",8,"DBM",442,2338
"Mechelen","12025",2,"N-VA",4774,7470
"Mechelen","12025",3,"VLAAMS BELANG",1838,2751
"Mechelen","12025",4,"sp.a",1414,8196
"Mechelen","12025",7,"CD&V",919,5605
"Mechelen","12025",8,"PVDA+",522,1088
"Mechelen","12025",9,"vld-groen-m+",3149,14751
"Mechelen","12025",10,"Bewoners Partij",137,191
"Meerhout","13021",1,"Open Vld",131,709
"Meerhout","13021",2,"N-VA",611,1041
"Meerhout","13021",3,"VLAAMS BELANG",215,470
"Meerhout","13021",4,"sp.a",202,1020
"Meerhout","13021",8,"CD",326,2305
"Meeuwen-Gruitrode","72040",2,"N-VA",624,1108
"Meeuwen-Gruitrode","72040",3,"VLAAMS BELANG",207,275
"Meeuwen-Gruitrode","72040",7,"CD&V",617,4640
"Meeuwen-Gruitrode","72040",8,"MG",173,1444
"Meise","23050",1,"Open Vld",620,2901
"Meise","23050",2,"N-VA",1129,1414
"Meise","23050",3,"VLAAMS BELANG",263,272
"Meise","23050",4,"sp.a-Meise2020",221,557
"Meise","23050",6,"Groen",701,1037
"Meise","23050",7,"CD&V",327,2985
"Meise","23050",8,"A.D.B.",65,81
"Melle","44040",1,"Open Vld",285,1017
"Melle","44040",4,"sp.a",331,537
"Melle","44040",7,"CD&V / N-VA",690,3187
"Melle","44040",8,"GPS Melle",340,537
"Melle","44040",9,"Gemeentebelangen",146,646
"Menen","34027",1,"Open Vld",509,2828
"Menen","34027",2,"N-VA",1553,2043
"Menen","34027",3,"VLAAMS BELANG",780,453
"Menen","34027",4,"sp.a - Groen",1140,3916
"Menen","34027",7,"CD&V",673,4301
"Menen","34027",8,"OPEN STAD MENEN",330,1206
"Menen","34027",9,"Nieuw",150,962
"Merchtem","23052",2,"N-VA",641,1418
"Merchtem","23052",6,"Groen",258,614
"Merchtem","23052",7,"CD&V",216,2541
"Merchtem","23052",8,"Lijst Burgemeester",444,5040
"Merelbeke","44043",1,"Open Vld",625,2985
"Merelbeke","44043",2,"N-VA",1307,2128
"Merelbeke","44043",3,"VLAAMS BELANG PLUS",384,420
"Merelbeke","44043",4,"sp.a",418,1060
"Merelbeke","44043",6,"Groen",1114,1829
"Merelbeke","44043",7,"CD&V",480,3778
"Merksplas","13023",2,"N-VA",251,691
"Merksplas","13023",6,"Groen",159,535
"Merksplas","13023",7,"CD&V",114,691
"Merksplas","13023",8,"Leefbaar Merksplas",406,2791
"Mesen","33016",8,"MLM",3,466
"Mesen","33016",9,"MDM",11,153
"Meulebeke","37007",2,"N-VA",448,1238
"Meulebeke","37007",4,"sp.a",171,497
"Meulebeke","37007",7,"CD&V",223,4116
"Meulebeke","37007",8,"VRIJ",205,972
"Middelkerke","35011",1,"Open Vld",377,3893
"Middelkerke","35011",2,"N-VA",750,936
"Middelkerke","35011",3,"VLAAMS BELANG",242,195
"Middelkerke","35011",5,"LIJST DEDECKER",594,2851
"Middelkerke","35011",7,"CD&V",281,2323
"Middelkerke","35011",8,"Progressief Kartel",313,1053
"Moerbeke","44045",1,"Open Vld",245,1852
"Moerbeke","44045",2,"N-VA",434,369
"Moerbeke","44045",4,"sp.a-Groen",215,493
"Moerbeke","44045",7,"CD&V",153,637
"Mol","13025",1,"Open Vld",340,1935
"Mol","13025",2,"N-VA",2141,4293
"Mol","13025",3,"VLAAMS BELANG",557,1112
"Mol","13025",4,"sp.a",622,3107
"Mol","13025",6,"Groen",329,571
"Mol","13025",7,"CD&V",771,5549
"Mol","13025",8,"MeMo - MeerMol",437,1526
"Mol","13025",9,"OS Party",161,263
"Moorslede","36012",8,"PRO",304,1279
"Moorslede","36012",9,"VISIE",536,2245
"Moorslede","36012",10,"Groep a",376,2951
"Mortsel","11029",1,"Open Vld",355,1169
"Mortsel","11029",2,"N-VA",1796,3442
"Mortsel","11029",3,"VLAAMS BELANG",410,952
"Mortsel","11029",4,"sp.a",441,1313
"Mortsel","11029",6,"Groen",886,2773
"Mortsel","11029",7,"CD&V",280,1024
"Mortsel","11029",8,"mortsel-anders",497,1069
"Mortsel","11029",9,"JONG&ONAFHANKELIJK",79,200
"Nazareth","44048",1,"Open Vld",367,753
"Nazareth","44048",2,"N-VA",805,700
"Nazareth","44048",3,"VLAAMS BELANG",175,116
"Nazareth","44048",4,"sp.a",205,661
"Nazareth","44048",6,"Groen",322,396
"Nazareth","44048",7,"CD&V",299,3327
"Neerpelt","72025",1,"Open Vld",147,777
"Neerpelt","72025",2,"N-VA",709,1768
"Neerpelt","72025",3,"VLAAMS BELANG",166,343
"Neerpelt","72025",4,"sp.a",190,1334
"Neerpelt","72025",6,"Groen",150,448
"Neerpelt","72025",7,"CD&V",362,3959
"Nevele","44049",1,"Open Vld",240,570
"Nevele","44049",2,"N-VA",471,1170
"Nevele","44049",3,"VLAAMS BELANG",122,345
"Nevele","44049",4,"sp.a",273,985
"Nevele","44049",7,"CD&V",230,2333
"Nevele","44049",8,"NIEUW NEVELE",178,1654
"Niel","11030",1,"Open Vld",218,1451
"Niel","11030",2,"N-VA",582,873
"Niel","11030",3,"VLAAMS BELANG",249,634
"Niel","11030",7,"CD&V",112,451
"Niel","11030",8,"SAMEN",271,1101
"Niel","11030",9,"ROOD!",125,187
"Nieuwerkerken","71045",1,"Open Vld",64,328
"Nieuwerkerken","71045",2,"N-VA",261,299
"Nieuwerkerken","71045",4,"sp.a",115,777
"Nieuwerkerken","71045",7,"CD&V",190,1724
"Nieuwerkerken","71045",8,"GEMEENTEBELANGEN",130,1032
"Nieuwpoort","38016",1,"Open Vld",152,260
"Nieuwpoort","38016",2,"N-VA",566,651
"Nieuwpoort","38016",4,"sp.a",274,1049
"Nieuwpoort","38016",5,"LIJST DEDECKER",98,132
"Nieuwpoort","38016",7,"CD&V",334,4770
"Nijlen","12026",1,"Open Vld + N",301,701
"Nijlen","12026",2,"N-VA",1852,2170
"Nijlen","12026",3,"VLAAMS BELANG",582,811
"Nijlen","12026",4,"sp.a",281,362
"Nijlen","12026",6,"Groen",576,1123
"Nijlen","12026",7,"CD&V",735,4298
"Nijlen","12026",8,"Nijlen & U",313,1916
"Ninove","41048",1,"Open Vld",764,5584
"Ninove","41048",2,"N-VA",1905,2303
"Ninove","41048",4,"sp.a groen",921,3652
"Ninove","41048",7,"CD&V",393,3388
"Ninove","41048",8,"FORZA NINOVE",1084,5810
"Ninove","41048",9,"WIJ (+PVG)",75,139
"Olen","13029",2,"N-VA",938,1423
"Olen","13029",4,"sp.a",231,1144
"Olen","13029",7,"CD&V",329,2397
"Olen","13029",8,"O1",234,1465
"Oostende","35013",1,"Open Vld",857,5383
"Oostende","35013",2,"N-VA",4721,5848
"Oostende","35013",3,"VLAAMS BELANG",1461,2109
"Oostende","35013",4,"sp.a",1899,13030
"Oostende","35013",5,"LIJST DEDECKER",411,973
"Oostende","35013",6,"Groen",1395,3301
"Oostende","35013",7,"CD&V",604,3811
"Oostende","35013",8,"ALEXANDER",78,90
"Oostende","35013",9,"ROOD!",211,289
"Oosterzele","44052",3,"VLAAMS BELANG",214,190
"Oosterzele","44052",6,"Groen",443,650
"Oosterzele","44052",7,"CD&V / N-VA",570,4899
"Oosterzele","44052",8,"SVVO",383,2563
"Oostkamp","31022",2,"N-VA",1486,2781
"Oostkamp","31022",3,"VLAAMS BELANG",493,479
"Oostkamp","31022",4,"sp.a",472,1551
"Oostkamp","31022",6,"Groen",562,531
"Oostkamp","31022",7,"CD&V",649,5996
"Oostkamp","31022",8,"8020BLAUW",277,706
"Oostkamp","31022",9,"Rood!",74,158
"Oostrozebeke","37010",2,"N-VA",541,1038
"Oostrozebeke","37010",8,"CDV",346,3393
"Opglabbeek","71047",2,"N-VA & Nivo 21",440,1933
"Opglabbeek","71047",7,"CD&V",270,3760
"Opglabbeek","71047",8,"PRO Opglabbeek",122,407
"Opwijk","23060",1,"Open Vld",248,2711
"Opwijk","23060",2,"N-VA",545,2210
"Opwijk","23060",3,"VLAAMS BELANG",130,198
"Opwijk","23060",8,"LVDB - CD&V",183,1716
"Opwijk","23060",9,"INZET-GROEN",283,1112
"Opwijk","23060",10,"VCV-OPWIJK",147,290
"Oud-Heverlee","24086",2,"N-VA",512,1386
"Oud-Heverlee","24086",4,"sp.a",123,670
"Oud-Heverlee","24086",6,"Groen",384,892
"Oud-Heverlee","24086",7,"CD&V",216,1533
"Oud-Heverlee","24086",8,"FUSIEBELANGEN",176,1588
"Oud-Heverlee","24086",9,"Leefbaar Oud-Hever",70,163
"Oud-Turnhout","13031",2,"N-VA",817,1956
"Oud-Turnhout","13031",3,"VLAAMS BELANG",209,544
"Oud-Turnhout","13031",4,"sp.a",182,649
"Oud-Turnhout","13031",6,"Groen",247,691
"Oud-Turnhout","13031",7,"CD&V",453,2026
"Oud-Turnhout","13031",8,"OUD-TURNHOUT PLUS",122,569
"Oudenaarde","45035",1,"Open Vld",951,7662
"Oudenaarde","45035",2,"N-VA",1565,1248
"Oudenaarde","45035",3,"VLAAMS BELANG",453,305
"Oudenaarde","45035",4,"sp.a",421,1724
"Oudenaarde","45035",6,"Groen",629,1604
"Oudenaarde","45035",7,"CD&V",444,4535
"Oudenburg","35014",1,"Open Vld",169,1727
"Oudenburg","35014",2,"N-VA",440,480
"Oudenburg","35014",4,"sp.a",181,869
"Oudenburg","35014",7,"CD&V",181,2680
"Overijse","23062",1,"Open Vld",618,1841
"Overijse","23062",3,"VLAAMS BELANG",179,436
"Overijse","23062",6,"Groen",606,1013
"Overijse","23062",8,"Plus",1112,2207
"Overijse","23062",9,"OV2002-N-VA-CD&V",639,5031
"Overpelt","72029",2,"N-VA",529,968
"Overpelt","72029",4,"sp.a - Groen",234,1291
"Overpelt","72029",7,"CD&V",384,3089
"Overpelt","72029",8,"LIJST VISSERS",177,988
"Overpelt","72029",9,"OPEN-LIJST",139,1499
"Peer","72030",2,"N-VA",1033,1448
"Peer","72030",4,"sp.a",232,1051
"Peer","72030",7,"CD&V",381,3935
"Peer","72030",8,"APPEL",449,1975
"Peer","72030",9,"PEERPLUS",77,623
"Pepingen","23064",2,"N-VA",255,276
"Pepingen","23064",7,"CD&V-sp.a",181,1272
"Pepingen","23064",8,"LVB-LIJSTvdBURGER",162,1022
"Pittem","37011",3,"VLAAMS BELANG",212,315
"Pittem","37011",7,"CD&V",317,2628
"Pittem","37011",8,"GROEP 2012",258,985
"Poperinge","33021",1,"Open Vld",385,2720
"Poperinge","33021",2,"N-VA",613,1234
"Poperinge","33021",3,"VLAAMS BELANG",349,552
"Poperinge","33021",6,"Groen",221,593
"Poperinge","33021",7,"CD&V",638,4295
"Poperinge","33021",8,"samen",290,1689
"Putte","12029",2,"N-VA",1250,857
"Putte","12029",4,"sp.a",186,354
"Putte","12029",6,"Groen",297,547
"Putte","12029",7,"CD&V",507,3866
"Putte","12029",8,"Lijst burgemeester",629,3603
"Puurs","12030",1,"Open Vld",152,865
"Puurs","12030",2,"N-VA",824,1589
"Puurs","12030",3,"VLAAMS BELANG",299,749
"Puurs","12030",6,"Groen",324,438
"Puurs","12030",7,"CD&V",536,5760
"Puurs","12030",8,"Positief Puurs",128,428
"Puurs","12030",9,"RVP",7,45
"Ranst","11035",1,"Open Vld",431,3087
"Ranst","11035",2,"N-VA",1430,2530
"Ranst","11035",3,"VLAAMS BELANG",344,792
"Ranst","11035",4,"sp.a",179,250
"Ranst","11035",6,"Groen",470,929
"Ranst","11035",7,"CD&V",239,2366
"Ranst","11035",8,"Nieuw Groot Ranst",45,99
"Ravels","13035",2,"N-VA",489,1212
"Ravels","13035",3,"VLAAMS BELANG",115,317
"Ravels","13035",6,"Groen",129,306
"Ravels","13035",7,"CD&V",246,3477
"Ravels","13035",8,"Dorpslijst Ravels",132,1403
"Retie","13036",2,"N-VA",404,690
"Retie","13036",4,"sp.a",131,421
"Retie","13036",7,"CD&V",318,2507
"Retie","13036",8,"NIEUW RETIE",284,2630
"Riemst","73066",1,"Open Vld",95,1423
"Riemst","73066",2,"N-VA",343,2546
"Riemst","73066",3,"VLAAMS BELANG",183,149
"Riemst","73066",4,"sp.a-Groen",174,547
"Riemst","73066",7,"CD&V",273,4553
"Rijkevorsel","13037",2,"N-VA",604,1590
"Rijkevorsel","13037",4,"sp.a",126,553
"Rijkevorsel","13037",7,"CD&V",251,1554
"Rijkevorsel","13037",8,"SNR",173,957
"Rijkevorsel","13037",9,"Gemeentebelang&VLD",182,1476
"Roeselare","36015",1,"Open Vld",881,2466
"Roeselare","36015",2,"N-VA",4409,7292
"Roeselare","36015",3,"VLAAMS BELANG",1344,2318
"Roeselare","36015",4,"sp.a",1047,4656
"Roeselare","36015",6,"Groen",1109,2276
"Roeselare","36015",7,"CD&V",1090,10136
"Roeselare","36015",8,"OPEN STADSLIJST",262,785
"Ronse","45041",2,"N-VA",977,1707
"Ronse","45041",3,"VLAAMS BELANG",520,1633
"Ronse","45041",4,"sp.a",552,3394
"Ronse","45041",7,"CD&V GROEN",604,4236
"Ronse","45041",8,"LIBERALE UNIE",352,1214
"Roosdaal","23097",1,"Open Vld",207,389
"Roosdaal","23097",2,"N-VA",767,1955
"Roosdaal","23097",3,"VLAAMS BELANG",202,155
"Roosdaal","23097",4,"sp.a",187,278
"Roosdaal","23097",7,"CD&V",230,3261
"Roosdaal","23097",8,"UW GEMEENTE",74,174
"Rotselaar","24094",1,"Open Vld",252,1367
"Rotselaar","24094",2,"N-VA",990,1352
"Rotselaar","24094",6,"GroenSociaal",337,838
"Rotselaar","24094",7,"CD&V",494,3902
"Rotselaar","24094",8,"anders",442,1184
"Ruiselede","37012",8,"RESPECT",192,1162
"Ruiselede","37012",9,"RKD",235,1928
"Ruiselede","37012",10,"DURVEN",137,242
"Rumst","11037",2,"N-VA",1201,1542
"Rumst","11037",3,"VLAAMS BELANG",366,658
"Rumst","11037",4,"sp.a-Groen",591,2277
"Rumst","11037",7,"CD&V",258,2357
"Rumst","11037",8,"3D-Open VLD",223,773
"Schelle","11038",1,"Open Vld",69,230
"Schelle","11038",2,"N-VA",461,981
"Schelle","11038",3,"VLAAMS BELANG",203,427
"Schelle","11038",4,"sp.a",119,241
"Schelle","11038",6,"Groen",136,401
"Schelle","11038",7,"CD&V",311,2019
"Scherpenheuvel-Zichem","24134",1,"Open Vld",321,2903
"Scherpenheuvel-Zichem","24134",2,"N-VA",1562,1549
"Scherpenheuvel-Zichem","24134",3,"VLAAMS BELANG",697,863
"Scherpenheuvel-Zichem","24134",4,"sp.a",802,1755
"Scherpenheuvel-Zichem","24134",7,"CD&V",644,4656
"Scherpenheuvel-Zichem","24134",8,"ANDERS",101,222
"Scherpenheuvel-Zichem","24134",9,"1 VOOR ALLEN",87,78
"Schilde","11039",1,"Open Vld",617,3361
"Schilde","11039",2,"N-VA",1648,2578
"Schilde","11039",3,"VLAAMS BELANG",338,755
"Schilde","11039",6,"Groen",419,588
"Schilde","11039",7,"CD&V",306,2202
"Schilde","11039",8,"SCHILWEZEL",114,207
"Schoten","11040",1,"Open Vld",372,1206
"Schoten","11040",2,"N-VA",2656,5905
"Schoten","11040",3,"VLAAMS BELANG",996,1938
"Schoten","11040",4,"sp.a",510,1686
"Schoten","11040",6,"Groen",601,1245
"Schoten","11040",7,"CD&V",697,4542
"Schoten","11040",8,"BELHAMEL",119,190
"Sint-Amands","12034",2,"N-VA",481,610
"Sint-Amands","12034",7,"CD&V",163,2031
"Sint-Amands","12034",8,"L.O.S.",261,1594
"Sint-Amands","12034",9,"OPEN",90,419
"Sint-Genesius-Rode","23101",8,"IC-GB",1112,5596
"Sint-Genesius-Rode","23101",9,"RESPECT",549,2979
"Sint-Gillis-Waas","46020",1,"Open Vld",281,343
"Sint-Gillis-Waas","46020",2,"N-VA",1539,1951
"Sint-Gillis-Waas","46020",3,"VLAAMS BELANG",556,536
"Sint-Gillis-Waas","46020",4,"sp.a-Groen",611,1128
"Sint-Gillis-Waas","46020",7,"CD&V",639,4794
"Sint-Gillis-Waas","46020",8,"Ons!Dorp",369,330
"Sint-Katelijne-Waver","12035",2,"N-VA",1512,3021
"Sint-Katelijne-Waver","12035",3,"VLAAMS BELANG",484,810
"Sint-Katelijne-Waver","12035",6,"Groen",370,555
"Sint-Katelijne-Waver","12035",7,"CD&V",439,3984
"Sint-Katelijne-Waver","12035",8,"SAMEN ANDERS",431,2197
"Sint-Katelijne-Waver","12035",9,"KATELIJNE ANDERS",124,136
"Sint-Laureins","43014",2,"N-VA",283,457
"Sint-Laureins","43014",7,"CD&V",212,1654
"Sint-Laureins","43014",8,"Samen",276,2054
"Sint-Lievens-Houtem","41063",1,"Open Vld",190,905
"Sint-Lievens-Houtem","41063",2,"N-VA",495,646
"Sint-Lievens-Houtem","41063",4,"sp.a",173,625
"Sint-Lievens-Houtem","41063",7,"CD&V",106,940
"Sint-Lievens-Houtem","41063",8,"NIEUW HOUTEM",436,2718
"Sint-Martens-Latem","44064",2,"N-VA",446,473
"Sint-Martens-Latem","44064",8,"VOOR LATEM DEURLE",264,1177
"Sint-Martens-Latem","44064",9,"WELZIJN",403,1869
"Sint-Martens-Latem","44064",10,"SAMEN",156,1025
"Sint-Martens-Latem","44064",11,"GPS",152,205
"Sint-Niklaas","46021",1,"Open Vld",1110,2319
"Sint-Niklaas","46021",2,"N-VA",5201,8345
"Sint-Niklaas","46021",3,"VLAAMS BELANG",1855,3707
"Sint-Niklaas","46021",4,"sp.a-Groen",1958,10257
"Sint-Niklaas","46021",7,"CD&V",1157,6237
"Sint-Niklaas","46021",8,"SOS 2012",239,2606
"Sint-Niklaas","46021",9,"S²NB TRANSPARANT",92,420
"Sint-Niklaas","46021",10,"PVDA+",262,587
"Sint-Niklaas","46021",11,"SNAB",269,619
"Sint-Niklaas","46021",12,"FOERT",162,163
"Sint-Pieters-Leeuw","23077",1,"Open Vld",585,1617
"Sint-Pieters-Leeuw","23077",2,"N-VA",1790,3236
"Sint-Pieters-Leeuw","23077",3,"VLAAMS BELANG",617,610
"Sint-Pieters-Leeuw","23077",4,"sp.a",426,632
"Sint-Pieters-Leeuw","23077",6,"Groen",626,560
"Sint-Pieters-Leeuw","23077",7,"CD&V",596,3526
"Sint-Pieters-Leeuw","23077",8,"PF",1988,2227
"Sint-Truiden","71053",1,"Open Vld",471,4730
"Sint-Truiden","71053",2,"N-VA",2038,3221
"Sint-Truiden","71053",3,"VLAAMS BELANG",626,522
"Sint-Truiden","71053",4,"sp.a",750,6277
"Sint-Truiden","71053",6,"Groen",404,619
"Sint-Truiden","71053",7,"CD&V",604,7080
"Sint-Truiden","71053",8,"S.T.V.I",100,277
"Sint-Truiden","71053",9,"Nief!",45,155
"Sint-Truiden","71053",10,"Piratenpartij",72,55
"Spiere-Helkijn","34043",8,"LB",117,1026
"Spiere-Helkijn","34043",9,"@spirant",101,131
"Stabroek","11044",1,"Open Vld",233,1369
"Stabroek","11044",2,"N-VA",1690,2469
"Stabroek","11044",3,"VLAAMS BELANG",590,1185
"Stabroek","11044",4,"sp.a - Groen",544,1305
"Stabroek","11044",7,"CD&V",276,2113
"Stabroek","11044",8,"STABROEK-ANDERS",145,395
"Staden","36019",1,"Open Vld",233,1523
"Staden","36019",2,"N-VA",767,1307
"Staden","36019",4,"sp.a",220,431
"Staden","36019",7,"CD&V",422,2810
"Steenokkerzeel","23081",3,"VLAAMS BELANG",208,346
"Steenokkerzeel","23081",4,"sp.a",173,1026
"Steenokkerzeel","23081",6,"Groen",201,405
"Steenokkerzeel","23081",7,"CD&V",152,954
"Steenokkerzeel","23081",8,"LVB",284,1730
"Steenokkerzeel","23081",9,"KLAVER-N-VA",646,1588
"Stekene","46024",3,"VLAAMS BELANG",703,607
"Stekene","46024",4,"sp.a - GPS",428,1551
"Stekene","46024",7,"CD&V",320,2335
"Stekene","46024",8,"Gemeentebelangen",962,4315
"Stekene","46024",9,"P.V.S.",78,300
"Stekene","46024",10,"Minder Belastingen",239,228
"Temse","46025",1,"Open Vld",411,2171
"Temse","46025",2,"N-VA",2048,2268
"Temse","46025",3,"VLAAMS BELANG",885,1718
"Temse","46025",4,"sp.a-Groen",717,2659
"Temse","46025",7,"CD&V",630,5773
"Ternat","23086",2,"N-VA Volt",727,1221
"Ternat","23086",3,"VLAAMS BELANG",163,255
"Ternat","23086",4,"sp.a groen +",278,673
"Ternat","23086",7,"CD&V en Volks",303,2813
"Ternat","23086",8,"LVB",295,4218
"Tervuren","24104",2,"N-VA",622,1917
"Tervuren","24104",7,"CD&V",268,1870
"Tervuren","24104",8,"Tervuren Unie",665,1283
"Tervuren","24104",9,"GT-Open Vld",441,2306
"Tervuren","24104",10,"Groen+",639,1452
"Tessenderlo","71057",1,"Open Vld",216,1235
"Tessenderlo","71057",2,"N-VA",868,1714
"Tessenderlo","71057",3,"VLAAMS BELANG",316,591
"Tessenderlo","71057",4,"sp.a-SPiL",453,3937
"Tessenderlo","71057",7,"CD&V",290,3155
"Tielt","37015",2,"N-VA/Open Vld",877,3066
"Tielt","37015",3,"VLAAMS BELANG",477,281
"Tielt","37015",4,"sp.a Groen",643,2695
"Tielt","37015",7,"CD&V",727,5215
"Tielt-Winge","24135",1,"Open Vld",252,2099
"Tielt-Winge","24135",2,"N-VA",558,848
"Tielt-Winge","24135",3,"VLAAMS BELANG",162,131
"Tielt-Winge","24135",4,"sp.a",173,1277
"Tielt-Winge","24135",6,"Groen",272,438
"Tielt-Winge","24135",7,"CD&V",187,1188
"Tienen","24107",1,"Open Vld",571,2612
"Tienen","24107",2,"N-VA",2171,1911
"Tienen","24107",3,"VLAAMS BELANG",683,807
"Tienen","24107",4,"sp.a",763,5672
"Tienen","24107",6,"Groen",640,1240
"Tienen","24107",7,"CD&V",459,3658
"Tienen","24107",8,"LIBERTAS - BLAUW",95,859
"Tienen","24107",9,"VLOTT",51,163
"Tongeren","73083",2,"N-VA",1694,2322
"Tongeren","73083",3,"VLAAMS BELANG",626,518
"Tongeren","73083",4,"sp.a",648,5367
"Tongeren","73083",6,"Groen",479,949
"Tongeren","73083",8,"Tongeren.nu",705,7752
"Torhout","31033",1,"Open Vld",229,683
"Torhout","31033",2,"N-VA",1077,1780
"Torhout","31033",3,"VLAAMS BELANG",323,262
"Torhout","31033",4,"sp.a / Groen",555,2549
"Torhout","31033",7,"CD&V",604,6460
"Tremelo","24109",1,"Open Vld",286,2527
"Tremelo","24109",2,"N-VA",715,1417
"Tremelo","24109",3,"VLAAMS BELANG",290,476
"Tremelo","24109",4,"sp.a-Groen",361,1463
"Tremelo","24109",7,"CD&V",215,2539
"Turnhout","13040",2,"N-VA",2831,4036
"Turnhout","13040",3,"VLAAMS BELANG",919,1797
"Turnhout","13040",4,"sp.a",785,2260
"Turnhout","13040",6,"Groen",837,2041
"Turnhout","13040",7,"CD&V",612,3429
"Turnhout","13040",8,"PVDA+",199,345
"Turnhout","13040",12,"DE Stadslijst",245,1163
"Turnhout","13040",13,"T.I.M.",577,3803
"Turnhout","13040",14,"TURNHOUT VOORUIT",179,768
"Veurne","38025",2,"N-VA",395,1877
"Veurne","38025",7,"CD&V",155,2477
"Veurne","38025",8,"VEURNE PLUS",248,2306
"Veurne","38025",9,"VIA",98,744
"Vilvoorde","23088",1,"Open Vld",755,2850
"Vilvoorde","23088",2,"N-VA",1774,1862
"Vilvoorde","23088",3,"VLAAMS BELANG",683,1276
"Vilvoorde","23088",4,"sp.a-Groen",1042,4600
"Vilvoorde","23088",7,"CD&V",423,2604
"Vilvoorde","23088",8,"Vilvocraten",433,1978
"Vilvoorde","23088",9,"UF",971,1461
"Vleteren","33041",2,"N-VA",88,268
"Vleteren","33041",7,"CD&V",104,860
"Vleteren","33041",8,"LVP",142,1207
"Voeren","73109",8,"Voerbelangen",111,1755
"Voeren","73109",9,"R.A.L.",81,1014
"Vorselaar","13044",1,"Open Vld",37,372
"Vorselaar","13044",2,"N-VA",268,548
"Vorselaar","13044",4,"sp.a",65,363
"Vorselaar","13044",7,"CD&V",102,1031
"Vorselaar","13044",8,"ACTIEV",350,2443
"Vosselaar","13046",4,"sp.a",410,1411
"Vosselaar","13046",7,"CD&V",466,3038
"Vosselaar","13046",8,"Vosselaar Vooruit",483,1426
"Waarschoot","44072",1,"Open Vld",118,1371
"Waarschoot","44072",3,"VLAAMS BELANG",91,158
"Waarschoot","44072",4,"sp.a-plus",124,904
"Waarschoot","44072",6,"Groen",102,266
"Waarschoot","44072",7,"CD&V",133,1639
"Waarschoot","44072",8,"WGB N-VA",164,719
"Waasmunster","42023",1,"Open Vld",379,2079
"Waasmunster","42023",2,"N-VA",793,831
"Waasmunster","42023",3,"VLAAMS BELANG",220,166
"Waasmunster","42023",4,"sp.a-Groen",258,544
"Waasmunster","42023",7,"CD&V",187,2084
"Waasmunster","42023",8,"VOLKSBELANG",26,48
"Wachtebeke","44073",1,"Open Vld",165,942
"Wachtebeke","44073",2,"N-VA",457,460
"Wachtebeke","44073",7,"CD&V",137,1017
"Wachtebeke","44073",8,"ANDERS",425,1306
"Waregem","34040",1,"Open Vld",428,1480
"Waregem","34040",2,"N-VA",2006,2640
"Waregem","34040",3,"VLAAMS BELANG",746,456
"Waregem","34040",4,"sp.a",460,1789
"Waregem","34040",6,"Groen",667,1012
"Waregem","34040",7,"CD&V",1192,13508
"Wellen","73098",1,"Open Vld",122,1102
"Wellen","73098",2,"N-VA",237,402
"Wellen","73098",4,"sp.a-ROB",283,2219
"Wellen","73098",7,"CD&V",104,948
"Wemmel","23102",3,"VLAAMS BELANG",168,108
"Wemmel","23102",8,"L.B.",905,3078
"Wemmel","23102",9,"W.E.M.M.E.L",741,3166
"Wemmel","23102",10,"UF",541,260
"Wemmel","23102",11,"VDB",39,7
"Wervik","33029",1,"Open Vld",256,1508
"Wervik","33029",2,"N-VA",696,1487
"Wervik","33029",3,"VLAAMS BELANG",351,279
"Wervik","33029",4,"sp.a",455,2847
"Wervik","33029",7,"CD&V",455,2881
"Wervik","33029",8,"POSITIEF PROJECT",269,776
"Westerlo","13049",2,"N-VA",1243,4900
"Westerlo","13049",3,"VLAAMS BELANG",419,662
"Westerlo","13049",6,"Groen",376,1095
"Westerlo","13049",7,"CD&V",582,6724
"Westerlo","13049",8,"VLD-sp.a-PositiefW",224,1383
"Wetteren","42025",1,"Open Vld",439,1668
"Wetteren","42025",2,"N-VA",1335,2194
"Wetteren","42025",3,"VLAAMS BELANG",448,591
"Wetteren","42025",4,"sp.a",390,752
"Wetteren","42025",7,"CD&V",414,4334
"Wetteren","42025",8,"Groen&Co",448,1402
"Wetteren","42025",9,"RESPECT",424,2260
"Wetteren","42025",10,"PVDM",72,128
"Wevelgem","34041",1,"Open Vld",380,274
"Wevelgem","34041",2,"N-VA",2021,2542
"Wevelgem","34041",3,"VLAAMS BELANG",852,441
"Wevelgem","34041",4,"sp.a",726,1498
"Wevelgem","34041",6,"Groen",705,1459
"Wevelgem","34041",7,"CD&V",1195,9451
"Wevelgem","34041",8,"OMNIUM",101,220
"Wezembeek-Oppem","23103",8,"LB-UNION",896,4908
"Wezembeek-Oppem","23103",9,"WOplus",320,1348
"Wichelen","42026",2,"N-VA",504,1294
"Wichelen","42026",3,"VLAAMS BELANG",228,246
"Wichelen","42026",4,"sp.a",136,461
"Wichelen","42026",7,"CD&V PLUS",120,1242
"Wichelen","42026",8,"SAMEN",348,3492
"Wichelen","42026",9,"RESPECT",41,254
"Wielsbeke","37017",7,"CD&V/N-VA",390,3144
"Wielsbeke","37017",8,"U.",329,2261
"Wielsbeke","37017",9,"Wielsbeke ANDERS",140,283
"Wijnegem","11050",1,"Open Vld",117,480
"Wijnegem","11050",2,"N-VA",749,1120
"Wijnegem","11050",3,"VLAAMS BELANG",193,488
"Wijnegem","11050",4,"sp.a",117,542
"Wijnegem","11050",7,"CD&V",118,1011
"Wijnegem","11050",8,"DURF!",247,1078
"Willebroek","12040",1,"Open Vld",308,721
"Willebroek","12040",2,"N-VA",1617,4052
"Willebroek","12040",3,"VLAAMS BELANG",578,906
"Willebroek","12040",4,"sp.a",632,4314
"Willebroek","12040",5,"LIJST DEDECKER",15,55
"Willebroek","12040",6,"Groen",305,669
"Willebroek","12040",7,"CD&V",346,1609
"Willebroek","12040",8,"EOS",89,383
"Wingene","37018",3,"VLAAMS BELANG",278,251
"Wingene","37018",7,"CD&V",576,5268
"Wingene","37018",8,"Burgerbelangen",492,3081
"Wommelgem","11052",1,"Open Vld",369,2198
"Wommelgem","11052",2,"N-VA",821,1584
"Wommelgem","11052",3,"VLAAMS BELANG",229,475
"Wommelgem","11052",6,"Groen-Rood",283,565
"Wommelgem","11052",8,"Gemeentebelangen",201,1685
"Wortegem-Petegem","45061",1,"Open Vld",278,2090
"Wortegem-Petegem","45061",2,"N-VA",243,958
"Wortegem-Petegem","45061",4,"sp.a/onafhankelijk",76,299
"Wortegem-Petegem","45061",7,"CD&V",104,631
"Wuustwezel","11053",1,"Open Vld",255,1707
"Wuustwezel","11053",2,"N-VA",1041,1820
"Wuustwezel","11053",3,"VLAAMS BELANG",308,577
"Wuustwezel","11053",7,"CD&V",618,4937
"Wuustwezel","11053",8,"PLUS",303,1254
"Zandhoven","11054",1,"Open Vld",131,440
"Zandhoven","11054",2,"N-VA",942,1657
"Zandhoven","11054",3,"VLAAMS BELANG",230,534
"Zandhoven","11054",4,"sp.a",106,285
"Zandhoven","11054",6,"Groen",229,446
"Zandhoven","11054",7,"CD&V",352,3719
"Zandhoven","11054",8,"GemeenteBelangen",35,60
"Zaventem","23094",1,"Open Vld",671,4810
"Zaventem","23094",2,"N-VA",1108,2229
"Zaventem","23094",3,"VLAAMS BELANG",237,299
"Zaventem","23094",4,"sp.a-Groen-Leef!",669,1598
"Zaventem","23094",7,"CD&V",253,1826
"Zaventem","23094",8,"UF",1596,1824
"Zedelgem","31040",2,"N-VA",1454,1769
"Zedelgem","31040",3,"VLAAMS BELANG",495,459
"Zedelgem","31040",4,"sp.a-Groen",883,1467
"Zedelgem","31040",8,"CD&V-NIEUW",655,8648
"Zele","42028",1,"Open Vld",364,3725
"Zele","42028",2,"N-VA",764,1189
"Zele","42028",4,"sp.a - Groen",208,871
"Zele","42028",7,"CD&V",316,3096
"Zele","42028",8,"ZDB",102,1063
"Zele","42028",9,"LIJST MASSART",158,1301
"Zele","42028",10,"Vlaams Beleid-Zele",206,549
"Zelzate","43018",2,"N-VA",408,461
"Zelzate","43018",3,"VLAAMS BELANG",229,267
"Zelzate","43018",4,"sp.a",234,1331
"Zelzate","43018",7,"CD&V Vrij Zelzate",151,633
"Zelzate","43018",8,"VLD-SD",199,2315
"Zelzate","43018",9,"PVDA+",556,1337
"Zelzate","43018",10,"OP Zelzate",141,338
"Zemst","23096",1,"Open Vld",328,748
"Zemst","23096",2,"N-VA",1388,2613
"Zemst","23096",3,"VLAAMS BELANG",357,624
"Zemst","23096",4,"sp.a - Groen",651,1757
"Zemst","23096",7,"CD&V",454,4007
"Zemst","23096",8,"Vlam",355,2116
"Zingem","45057",1,"Open Vld",220,1164
"Zingem","45057",2,"N-VA",356,762
"Zingem","45057",8,"SAMEN",415,2320
"Zoersel","11055",1,"Open Vld",342,1105
"Zoersel","11055",2,"N-VA",1924,3397
"Zoersel","11055",3,"VLAAMS BELANG",360,918
"Zoersel","11055",4,"sp.a",208,630
"Zoersel","11055",6,"Groen",428,696
"Zoersel","11055",7,"CD&V",495,3774
"Zoersel","11055",8,"H-eerlijk ZOERSEL",167,472
"Zomergem","44080",1,"Open Vld",155,1450
"Zomergem","44080",2,"N-VA",256,510
"Zomergem","44080",4,"sp.a-Groen",136,590
"Zomergem","44080",7,"CD&V",188,2616
"Zomergem","44080",8,"LDDplus",20,115
"Zonhoven","71066",1,"Open Vld",614,4252
"Zonhoven","71066",2,"N-VA",1061,1749
"Zonhoven","71066",3,"VLAAMS BELANG",315,643
"Zonhoven","71066",4,"sp.a - Groen",426,2601
"Zonhoven","71066",7,"CD&V",251,1360
"Zonhoven","71066",8,"VOLUIT Zonhoven",171,796
"Zonhoven","71066",9,"JONG EN DYNAMISCH",106,234
"Zonnebeke","33037",4,"sp.a",348,1754
"Zonnebeke","33037",7,"CD&V",370,2038
"Zonnebeke","33037",8,"INSPRAAK",608,3424
"Zottegem","41081",1,"Open Vld",641,2270
"Zottegem","41081",2,"N-VA - ZAP",1601,3022
"Zottegem","41081",3,"VLAAMS BELANG-VLOT",350,190
"Zottegem","41081",4,"sp.a",533,3595
"Zottegem","41081",6,"Groen",512,888
"Zottegem","41081",7,"CD&V",418,4087
"Zottegem","41081",8,"LEEF!",85,233
"Zottegem","41081",9,"LDD PLUS",50,82
"Zoutleeuw","24130",1,"Open Vld",118,1187
"Zoutleeuw","24130",2,"N-VA",376,598
"Zoutleeuw","24130",4,"sp.a",120,1170
"Zoutleeuw","24130",7,"CD&V",161,2157
"Zoutleeuw","24130",8,"LIJST STADS BELANG",46,107
"Zuienkerke","31042",8,"Lijst Burgemeester",232,1660
"Zuienkerke","31042",9,"NogBeterZuienkerke",89,100
"Zulte","44081",2,"N-VA",493,647
"Zulte","44081",7,"CD&V",391,4177
"Zulte","44081",8,"Open Zulte",448,3537
"Zulte","44081",9,"GVZ",272,1051
"Zutendaal","71067",7,"CD&V",150,2082
"Zutendaal","71067",8,"Nieuw ZVP",208,1947
"Zutendaal","71067",9,"Samen Zutendaal",66,430
"Zutendaal","71067",10,"Swadhisthana",13,18
"Zwalm","45065",1,"Open Vld",190,2169
"Zwalm","45065",2,"N-VA",340,426
"Zwalm","45065",7,"CD&V-PLUS",80,771
"Zwalm","45065",8,"voorZwalm",248,1464
"Zwalm","45065",9,"VANDENMEERSSCHAUT",94,112
"Zwevegem","34042",2,"N-VA",1955,2515
"Zwevegem","34042",3,"VLAAMS BELANG",515,287
"Zwevegem","34042",4,"sp.a",845,1268
"Zwevegem","34042",7,"CD&V",865,6149
"Zwevegem","34042",8,"Gemeentebelangen",560,2035
"Zwijndrecht","11056",1,"Open Vld",100,275
"Zwijndrecht","11056",2,"N-VA",1025,2791
"Zwijndrecht","11056",3,"VLAAMS BELANG",501,894
"Zwijndrecht","11056",4,"sp.a",271,967
"Zwijndrecht","11056",6,"Groen",1211,2832
"Zwijndrecht","11056",7,"CD&V",234,1764
